[{"model": "account.profile", "pk": 1, "fields": {"user": 1, "date_of_birth": "2000-01-21", "photo": "users/2023/03/24/benz.jpeg"}}, {"model": "account.profile", "pk": 2, "fields": {"user": 2, "date_of_birth": "2000-01-01", "photo": "users/2023/03/23/cross.jpeg"}}, {"model": "account.profile", "pk": 3, "fields": {"user": 3, "date_of_birth": "2000-01-22", "photo": "users/2023/03/23/modrich.jpeg"}}, {"model": "account.profile", "pk": 4, "fields": {"user": 4, "date_of_birth": "2001-09-09", "photo": "users/2023/03/23/vini.jpeg"}}, {"model": "account.profile", "pk": 11, "fields": {"user": 21, "date_of_birth": null, "photo": ""}}, {"model": "account.profile", "pk": 12, "fields": {"user": 22, "date_of_birth": null, "photo": ""}}, {"model": "account.contact", "pk": 4, "fields": {"user_from": 2, "user_to": 2, "created": "2023-04-11T18:08:40.304Z"}}, {"model": "account.contact", "pk": 25, "fields": {"user_from": 2, "user_to": 4, "created": "2023-04-11T18:41:30.103Z"}}, {"model": "account.contact", "pk": 30, "fields": {"user_from": 2, "user_to": 1, "created": "2023-04-11T18:46:02.128Z"}}, {"model": "account.contact", "pk": 31, "fields": {"user_from": 1, "user_to": 2, "created": "2023-04-12T17:37:14.327Z"}}, {"model": "account.contact", "pk": 33, "fields": {"user_from": 1, "user_to": 3, "created": "2023-04-12T17:55:14.894Z"}}, {"model": "images.image", "pk": 1, "fields": {"user": 1, "title": "Igor Leschuk", "slug": "igor-leschuk", "url": "https://fcdm.ru/cdn/dynamo/News/22760/814426_crop_big.jpeg", "image": "images/2023/03/28/igor-leschuk.jpeg", "description": "Goalkeeper of Dinamo Moscow", "created": "2023-03-28T10:15:25.251Z", "total_likes": 3, "users_like": [1, 2, 3]}}, {"model": "images.image", "pk": 3, "fields": {"user": 1, "title": "ФК «Динамо» Москва ⚽ © 1923: Официальный сайт футбольного клуба", "slug": "1923", "url": "https://fcdm.ru/cdn/dynamo/team/9/1553_crop_big.png", "image": "images/2023/03/30/1923.png", "description": "", "created": "2023-03-30T08:20:43.395Z", "total_likes": 1, "users_like": [1]}}, {"model": "images.image", "pk": 4, "fields": {"user": 1, "title": "ФК «Динамо» Москва ⚽ © 1923: Официальный сайт футбольного клуба", "slug": "1923", "url": "https://fcdm.ru/cdn/dynamo/News/22763/bf70c282-65ee-4687-aede-96f37f3bcec1/814448.jpeg", "image": "images/2023/03/30/1923.jpeg", "description": "Højlund hit the ground running with a hat-trick against Finland on the opening night of qualifying and then added two more to his tally in the 3-2 defeat by Kazakhstan. Just one goal behind his tally is the familiar name of Cristiano Ronaldo, who struck twice in each of Portugal's convincing victories over Liechtenstein and Luxembourg and now has 122 international goals to his name. Perhaps more unexpectedly, Scott McTominay is also on four goals having found the net twice as Scotland saw off Cyprus 3-0 and Spain with a famous 2-0 triumph.", "created": "2023-03-30T09:23:25.299Z", "total_likes": 3, "users_like": [1, 2, 4]}}, {"model": "images.image", "pk": 5, "fields": {"user": 1, "title": "Premier League: rating of the best players from Russia, Kanchelskis, Kharin, Arshavin, Smertin, Pavlyuchenko, Bilyaletdinov, Pogrebnyak, Zhirkov - Championship", "slug": "premier-league-rating-of-the-best-players-from-russia-kanchelskis-kharin-arshavin-smertin-pavlyuchenko-bilyaletdinov-pogrebnyak-zhirkov-championship", "url": "https://img.championat.com/s/735x490/news/big/u/a/apl-rejting-luchshih-igrokov-iz-rossii_16801218592142759493.jpg", "image": "images/2023/03/30/.jpg", "description": "In the history of the Premier League, there were several legionnaires from Russia. Andrei Kanchelskis, Alexei Smertin, Roman Pavlyuchenko, Andrei Arshavin, Diniyar Bilyaletdinov, Yuri Zhirkov and Pavel Pogrebnyak played and distinguished themselves there. This \"Magnificent Seven\", as well as goalkeeper Dmitry Kharin, are all Russians in the history of the Premier League.", "created": "2023-03-30T12:14:29.121Z", "total_likes": 0, "users_like": []}}, {"model": "images.image", "pk": 6, "fields": {"user": 1, "title": "The leader of Arsenal returned after a terrible injury. Jesus Recovery Insider", "slug": "the-leader-of-arsenal-returned-after-a-terrible-injury-jesus-recovery-insider", "url": "https://img.championat.com/s/735x490/news/big/w/h/gabriel-zhezus-vosstanovilsya-posle-travmy_16800919932125933476.jpg", "image": "images/2023/03/30/the-leader-of-arsenal-returned-after-a-terrible-injury-jesus-recovery-insider.jpg", "description": "In December, once it became clear that Gabriel Jesus had injured his knee in Brazil's World Cup squad, Arsenal had only one plan: to put the striker on a flight to London as soon as possible. Jesus was away, in Qatar, and was in a state of great emotional stress.\r\n\r\nForced to miss the rest of the World Cup is a painful blow for any player in any country. But it was especially disappointing for Jesus after the unsuccessful World Cup in Russia in 2018: he started every match of the team in the tournament, but did not score once. The player was eager to prove himself on the world stage, so for him, Qatar was not only about the collective desire for glory, but also about a personal mission.", "created": "2023-03-30T12:17:11.771Z", "total_likes": 1, "users_like": [3]}}, {"model": "images.image", "pk": 7, "fields": {"user": 1, "title": "ФК «Динамо» Москва ⚽ © 1923: Официальный сайт футбольного клуба", "slug": "1923", "url": "https://fcdm.ru/cdn/dynamo/News/22789/5aeb4622-54d0-4c63-a1df-cfbb497d5033/814684.jpeg", "image": "images/2023/04/06/1923.jpeg", "description": "fans", "created": "2023-04-06T12:02:04.987Z", "total_likes": 0, "users_like": []}}, {"model": "images.image", "pk": 8, "fields": {"user": 1, "title": "Derby Spartak Dinamo", "slug": "derby-spartak-dinamo", "url": "https://fcdm.ru/cdn/dynamo/News/22798/93d6718c-959c-4fdd-91f0-087cb9ffe384/814722.jpeg", "image": "images/2023/04/09/derby-spartak-dinamo.jpeg", "description": "It was a huge game!!!", "created": "2023-04-09T18:37:32.969Z", "total_likes": 0, "users_like": []}}, {"model": "images.image", "pk": 9, "fields": {"user": 1, "title": "Jokanovich drby day", "slug": "jokanovich-drby-day", "url": "https://fcdm.ru/cdn/dynamo/News/22797/dc719106-0a27-4e3d-979d-94d0c725e521/814716.jpeg", "image": "images/2023/04/09/jokanovich-drby-day.jpeg", "description": "Tough game!", "created": "2023-04-09T18:52:16.104Z", "total_likes": 2, "users_like": [1, 2]}}, {"model": "images.image", "pk": 10, "fields": {"user": 1, "title": "Live Scores for Football, Cricket, Rugby, Golf, Tennis, Darts, Racing & F1", "slug": "live-scores-for-football-cricket-rugby-golf-tennis-darts-racing-f1", "url": "https://e1.365dm.com/15/03/768x432/sam-winner-tony-mccoy_3276357.jpg?20150313153825", "image": "images/2023/04/09/live-scores-for-football-cricket-rugby-golf-tennis-darts_HgvvCKg.jpg20150313153825", "description": "Race for your life!", "created": "2023-04-09T18:54:01.216Z", "total_likes": 1, "users_like": [1]}}, {"model": "images.image", "pk": 14, "fields": {"user": 1, "title": "Roberto Carlos", "slug": "roberto-carlos", "url": "https://img.championat.com/s/570x380/news/big/g/v/roberto-karlosu-ispolnilos-50-let_1681060950774142522.jpg", "image": "images/2023/04/10/roberto-carlos.jpg", "description": "He is a legend!", "created": "2023-04-10T12:23:57.861Z", "total_likes": 1, "users_like": [1]}}, {"model": "images.image", "pk": 15, "fields": {"user": 1, "title": "RPL foreign players", "slug": "rpl-foreign-players", "url": "https://img.championat.com/s/735x490/news/big/c/t/samye-dorogie-igroki-ne-iz-top-5-lig-evropy_16810750481785757126.jpg", "image": "images/2023/04/10/rpl-foreign-players.jpg", "description": "NICE job", "created": "2023-04-10T12:25:43.813Z", "total_likes": 0, "users_like": []}}, {"model": "images.image", "pk": 16, "fields": {"user": 1, "title": "Just Novac", "slug": "just-novac", "url": "https://img.championat.com/s/570x380/news/big/x/c/novak-dzhokovich-vozvraschaetsya-v-tur_1681127063601344466.jpg", "image": "images/2023/04/10/just-novac.jpg", "description": "Another legend!", "created": "2023-04-10T12:26:29.300Z", "total_likes": 2, "users_like": [1, 2]}}, {"model": "images.image", "pk": 17, "fields": {"user": 2, "title": "NHL playoffs", "slug": "nhl-playoffs", "url": "https://img.championat.com/s/735x490/news/big/g/g/kto-s-kem-sygraet-v-plej-off-nhl_16811452121416907022.jpg", "image": "images/2023/04/11/nhl-playoffs.jpg", "description": "It is almost there:))", "created": "2023-04-11T08:38:28.310Z", "total_likes": 1, "users_like": [1]}}, {"model": "images.image", "pk": 18, "fields": {"user": 2, "title": "NBA playoffs", "slug": "nba-playoffs", "url": "https://img.championat.com/s/735x490/news/big/r/s/prevyu-plej-off-nba-na-zapade_1681158506241254126.jpg", "image": "images/2023/04/11/nba-playoffs.jpg", "description": "Who's gonna win?", "created": "2023-04-11T08:39:46.572Z", "total_likes": 2, "users_like": [1, 2]}}, {"model": "actions.action", "pk": 1, "fields": {"user": 2, "verb": "score the goal", "created": "2023-04-12T13:42:47.568Z", "target_ct": 13, "target_id": 18}}, {"model": "actions.action", "pk": 2, "fields": {"user": 1, "verb": "liked the message", "created": "2023-04-12T17:17:02.417Z", "target_ct": 13, "target_id": 17}}, {"model": "actions.action", "pk": 3, "fields": {"user": 1, "verb": "liked the message", "created": "2023-04-12T17:18:07.999Z", "target_ct": 13, "target_id": 17}}, {"model": "actions.action", "pk": 4, "fields": {"user": 1, "verb": "is following", "created": "2023-04-12T17:37:14.348Z", "target_ct": 4, "target_id": 2}}, {"model": "actions.action", "pk": 5, "fields": {"user": 22, "verb": "has created an account", "created": "2023-04-12T17:44:24.276Z", "target_ct": null, "target_id": null}}, {"model": "actions.action", "pk": 6, "fields": {"user": 1, "verb": "bookmarked image", "created": "2023-04-12T17:52:34.036Z", "target_ct": 13, "target_id": 18}}, {"model": "actions.action", "pk": 7, "fields": {"user": 1, "verb": "bookmarked image", "created": "2023-04-12T17:53:27.651Z", "target_ct": 13, "target_id": 17}}, {"model": "actions.action", "pk": 8, "fields": {"user": 1, "verb": "is following", "created": "2023-04-12T17:53:51.581Z", "target_ct": 4, "target_id": 20}}, {"model": "actions.action", "pk": 9, "fields": {"user": 1, "verb": "is following", "created": "2023-04-12T17:55:14.913Z", "target_ct": 4, "target_id": 3}}, {"model": "actions.action", "pk": 10, "fields": {"user": 2, "verb": "bookmarked image", "created": "2023-04-13T13:36:16.067Z", "target_ct": 13, "target_id": 9}}, {"model": "actions.action", "pk": 11, "fields": {"user": 1, "verb": "bookmarked image", "created": "2023-04-17T07:35:12.675Z", "target_ct": 13, "target_id": 8}}, {"model": "actions.action", "pk": 12, "fields": {"user": 1, "verb": "bookmarked image", "created": "2023-04-17T08:04:00.951Z", "target_ct": 13, "target_id": 8}}, {"model": "actions.action", "pk": 13, "fields": {"user": 1, "verb": "bookmarked image", "created": "2023-04-17T08:07:40.362Z", "target_ct": 13, "target_id": 14}}, {"model": "admin.logentry", "pk": 1, "fields": {"action_time": "2023-03-21T14:04:31.015Z", "user": 1, "content_type": 4, "object_id": "2", "object_repr": "buka", "action_flag": 1, "change_message": "[{\"added\": {}}]"}}, {"model": "admin.logentry", "pk": 2, "fields": {"action_time": "2023-03-21T14:05:04.680Z", "user": 1, "content_type": 4, "object_id": "2", "object_repr": "buka", "action_flag": 2, "change_message": "[{\"changed\": {\"fields\": [\"First name\", \"Last name\", \"Email address\"]}}]"}}, {"model": "admin.logentry", "pk": 3, "fields": {"action_time": "2023-03-23T14:30:32.803Z", "user": 1, "content_type": 7, "object_id": "1", "object_repr": "Profile of marik", "action_flag": 1, "change_message": "[{\"added\": {}}]"}}, {"model": "admin.logentry", "pk": 4, "fields": {"action_time": "2023-03-23T14:31:34.362Z", "user": 1, "content_type": 7, "object_id": "2", "object_repr": "Profile of buka", "action_flag": 1, "change_message": "[{\"added\": {}}]"}}, {"model": "admin.logentry", "pk": 5, "fields": {"action_time": "2023-03-23T14:32:12.293Z", "user": 1, "content_type": 7, "object_id": "3", "object_repr": "Profile of tenderbey", "action_flag": 1, "change_message": "[{\"added\": {}}]"}}, {"model": "admin.logentry", "pk": 6, "fields": {"action_time": "2023-03-23T14:32:32.300Z", "user": 1, "content_type": 7, "object_id": "2", "object_repr": "Profile of buka", "action_flag": 2, "change_message": "[{\"changed\": {\"fields\": [\"Photo\"]}}]"}}, {"model": "admin.logentry", "pk": 7, "fields": {"action_time": "2023-03-23T14:33:19.462Z", "user": 1, "content_type": 7, "object_id": "4", "object_repr": "Profile of test", "action_flag": 1, "change_message": "[{\"added\": {}}]"}}, {"model": "admin.logentry", "pk": 8, "fields": {"action_time": "2023-03-23T14:33:43.787Z", "user": 1, "content_type": 7, "object_id": "1", "object_repr": "Profile of marik", "action_flag": 2, "change_message": "[{\"changed\": {\"fields\": [\"Date of birth\"]}}]"}}, {"model": "admin.logentry", "pk": 9, "fields": {"action_time": "2023-03-24T09:14:02.900Z", "user": 1, "content_type": 7, "object_id": "1", "object_repr": "Profile of marik", "action_flag": 2, "change_message": "[{\"changed\": {\"fields\": [\"Photo\"]}}]"}}, {"model": "admin.logentry", "pk": 10, "fields": {"action_time": "2023-03-25T13:01:22.001Z", "user": 1, "content_type": 4, "object_id": "7", "object_repr": "marik177", "action_flag": 3, "change_message": ""}}, {"model": "admin.logentry", "pk": 11, "fields": {"action_time": "2023-03-25T13:03:46.342Z", "user": 1, "content_type": 4, "object_id": "8", "object_repr": "marik177", "action_flag": 3, "change_message": ""}}, {"model": "admin.logentry", "pk": 12, "fields": {"action_time": "2023-03-26T08:46:44.162Z", "user": 1, "content_type": 4, "object_id": "10", "object_repr": "dinamo_dev", "action_flag": 3, "change_message": ""}}, {"model": "admin.logentry", "pk": 13, "fields": {"action_time": "2023-03-26T08:48:18.898Z", "user": 1, "content_type": 4, "object_id": "11", "object_repr": "dinamo_dev", "action_flag": 3, "change_message": ""}}, {"model": "admin.logentry", "pk": 14, "fields": {"action_time": "2023-03-26T17:31:10.598Z", "user": 1, "content_type": 11, "object_id": "4", "object_repr": "devmarik177", "action_flag": 3, "change_message": ""}}, {"model": "admin.logentry", "pk": 15, "fields": {"action_time": "2023-03-26T17:31:15.059Z", "user": 1, "content_type": 11, "object_id": "3", "object_repr": "agrastroy", "action_flag": 3, "change_message": ""}}, {"model": "admin.logentry", "pk": 16, "fields": {"action_time": "2023-03-26T17:31:23.901Z", "user": 1, "content_type": 11, "object_id": "2", "object_repr": "marik177", "action_flag": 3, "change_message": ""}}, {"model": "admin.logentry", "pk": 17, "fields": {"action_time": "2023-03-26T17:31:28.315Z", "user": 1, "content_type": 11, "object_id": "1", "object_repr": "id153016191", "action_flag": 3, "change_message": ""}}, {"model": "admin.logentry", "pk": 18, "fields": {"action_time": "2023-03-26T17:32:02.397Z", "user": 1, "content_type": 4, "object_id": "9", "object_repr": "id153016191", "action_flag": 3, "change_message": ""}}, {"model": "admin.logentry", "pk": 19, "fields": {"action_time": "2023-03-26T17:32:10.054Z", "user": 1, "content_type": 4, "object_id": "14", "object_repr": "devmarik177", "action_flag": 3, "change_message": ""}}, {"model": "admin.logentry", "pk": 20, "fields": {"action_time": "2023-03-26T17:32:20.950Z", "user": 1, "content_type": 4, "object_id": "12", "object_repr": "marik177", "action_flag": 3, "change_message": ""}}, {"model": "admin.logentry", "pk": 21, "fields": {"action_time": "2023-03-26T17:32:32.729Z", "user": 1, "content_type": 4, "object_id": "13", "object_repr": "agrastroy", "action_flag": 3, "change_message": ""}}, {"model": "admin.logentry", "pk": 22, "fields": {"action_time": "2023-03-26T17:50:29.513Z", "user": 1, "content_type": 4, "object_id": "15", "object_repr": "agrastroy", "action_flag": 3, "change_message": ""}}, {"model": "admin.logentry", "pk": 23, "fields": {"action_time": "2023-03-26T17:50:41.941Z", "user": 1, "content_type": 4, "object_id": "16", "object_repr": "agrastroy657de5a4cf6f4d43", "action_flag": 3, "change_message": ""}}, {"model": "admin.logentry", "pk": 24, "fields": {"action_time": "2023-03-26T17:50:51.372Z", "user": 1, "content_type": 4, "object_id": "17", "object_repr": "marik177", "action_flag": 3, "change_message": ""}}, {"model": "admin.logentry", "pk": 25, "fields": {"action_time": "2023-03-27T07:48:59.543Z", "user": 1, "content_type": 4, "object_id": "18", "object_repr": "devmarik177", "action_flag": 3, "change_message": ""}}, {"model": "admin.logentry", "pk": 26, "fields": {"action_time": "2023-03-27T08:01:43.091Z", "user": 1, "content_type": 4, "object_id": "6", "object_repr": "andrew12", "action_flag": 3, "change_message": ""}}, {"model": "admin.logentry", "pk": 27, "fields": {"action_time": "2023-03-27T08:03:23.998Z", "user": 1, "content_type": 7, "object_id": "9", "object_repr": "Profile of marik177", "action_flag": 3, "change_message": ""}}, {"model": "admin.logentry", "pk": 28, "fields": {"action_time": "2023-03-27T08:03:34.973Z", "user": 1, "content_type": 4, "object_id": "19", "object_repr": "marik177", "action_flag": 3, "change_message": ""}}, {"model": "admin.logentry", "pk": 29, "fields": {"action_time": "2023-03-30T11:56:17.084Z", "user": 1, "content_type": 13, "object_id": "4", "object_repr": "ФК «Динамо» Москва ⚽ © 1923: Официальный сайт футбольного клуба", "action_flag": 2, "change_message": "[{\"changed\": {\"fields\": [\"Description\"]}}]"}}, {"model": "admin.logentry", "pk": 30, "fields": {"action_time": "2023-03-30T11:58:23.898Z", "user": 1, "content_type": 13, "object_id": "4", "object_repr": "ФК «Динамо» Москва ⚽ © 1923: Официальный сайт футбольного клуба", "action_flag": 2, "change_message": "[{\"changed\": {\"fields\": [\"Description\"]}}]"}}, {"model": "admin.logentry", "pk": 31, "fields": {"action_time": "2023-03-30T12:09:00.755Z", "user": 1, "content_type": 13, "object_id": "4", "object_repr": "ФК «Динамо» Москва ⚽ © 1923: Официальный сайт футбольного клуба", "action_flag": 2, "change_message": "[{\"changed\": {\"fields\": [\"Users like\"]}}]"}}, {"model": "admin.logentry", "pk": 32, "fields": {"action_time": "2023-03-30T12:09:11.786Z", "user": 1, "content_type": 13, "object_id": "4", "object_repr": "ФК «Динамо» Москва ⚽ © 1923: Официальный сайт футбольного клуба", "action_flag": 2, "change_message": "[{\"changed\": {\"fields\": [\"Users like\"]}}]"}}, {"model": "admin.logentry", "pk": 33, "fields": {"action_time": "2023-03-30T12:15:41.523Z", "user": 1, "content_type": 13, "object_id": "5", "object_repr": "Premier League: rating of the best players from Russia, Kanchelskis, Kharin, Arshavin, Smertin, Pavlyuchenko, Bilyaletdinov, Pogrebnyak, Zhirkov - Championship", "action_flag": 2, "change_message": "[{\"changed\": {\"fields\": [\"Title\"]}}]"}}, {"model": "admin.logentry", "pk": 34, "fields": {"action_time": "2023-03-30T12:17:33.980Z", "user": 1, "content_type": 13, "object_id": "6", "object_repr": "The leader of Arsenal returned after a terrible injury. Jesus Recovery Insider", "action_flag": 2, "change_message": "[{\"changed\": {\"fields\": [\"Users like\"]}}]"}}, {"model": "admin.logentry", "pk": 35, "fields": {"action_time": "2023-04-06T12:57:13.258Z", "user": 1, "content_type": 13, "object_id": "4", "object_repr": "ФК «Динамо» Москва ⚽ © 1923: Официальный сайт футбольного клуба", "action_flag": 2, "change_message": "[{\"changed\": {\"fields\": [\"Users like\"]}}]"}}, {"model": "admin.logentry", "pk": 36, "fields": {"action_time": "2023-04-06T13:06:44.894Z", "user": 1, "content_type": 13, "object_id": "4", "object_repr": "ФК «Динамо» Москва ⚽ © 1923: Официальный сайт футбольного клуба", "action_flag": 2, "change_message": "[{\"changed\": {\"fields\": [\"Users like\"]}}]"}}, {"model": "admin.logentry", "pk": 37, "fields": {"action_time": "2023-04-06T13:07:15.115Z", "user": 1, "content_type": 13, "object_id": "4", "object_repr": "ФК «Динамо» Москва ⚽ © 1923: Официальный сайт футбольного клуба", "action_flag": 2, "change_message": "[{\"changed\": {\"fields\": [\"Users like\"]}}]"}}, {"model": "admin.logentry", "pk": 38, "fields": {"action_time": "2023-04-09T12:28:46.679Z", "user": 1, "content_type": 13, "object_id": "1", "object_repr": "Igor Leschuk", "action_flag": 2, "change_message": "[{\"changed\": {\"fields\": [\"Users like\"]}}]"}}, {"model": "admin.logentry", "pk": 39, "fields": {"action_time": "2023-04-09T19:05:27.542Z", "user": 1, "content_type": 13, "object_id": "13", "object_repr": "Champions League quarter-final records and statistics | UEFA Champions League | UEFA.com", "action_flag": 3, "change_message": ""}}, {"model": "admin.logentry", "pk": 40, "fields": {"action_time": "2023-04-09T19:05:36.350Z", "user": 1, "content_type": 13, "object_id": "12", "object_repr": "UEFA Champions League | UEFA.com", "action_flag": 3, "change_message": ""}}, {"model": "admin.logentry", "pk": 41, "fields": {"action_time": "2023-04-09T19:05:41.118Z", "user": 1, "content_type": 13, "object_id": "11", "object_repr": "The official website for European football | UEFA.com", "action_flag": 3, "change_message": ""}}, {"model": "admin.logentry", "pk": 42, "fields": {"action_time": "2023-04-12T17:54:21.351Z", "user": 1, "content_type": 4, "object_id": "20", "object_repr": "New_user", "action_flag": 3, "change_message": ""}}, {"model": "auth.permission", "pk": 1, "fields": {"name": "Can add log entry", "content_type": 1, "codename": "add_logentry"}}, {"model": "auth.permission", "pk": 2, "fields": {"name": "Can change log entry", "content_type": 1, "codename": "change_logentry"}}, {"model": "auth.permission", "pk": 3, "fields": {"name": "Can delete log entry", "content_type": 1, "codename": "delete_logentry"}}, {"model": "auth.permission", "pk": 4, "fields": {"name": "Can view log entry", "content_type": 1, "codename": "view_logentry"}}, {"model": "auth.permission", "pk": 5, "fields": {"name": "Can add permission", "content_type": 2, "codename": "add_permission"}}, {"model": "auth.permission", "pk": 6, "fields": {"name": "Can change permission", "content_type": 2, "codename": "change_permission"}}, {"model": "auth.permission", "pk": 7, "fields": {"name": "Can delete permission", "content_type": 2, "codename": "delete_permission"}}, {"model": "auth.permission", "pk": 8, "fields": {"name": "Can view permission", "content_type": 2, "codename": "view_permission"}}, {"model": "auth.permission", "pk": 9, "fields": {"name": "Can add group", "content_type": 3, "codename": "add_group"}}, {"model": "auth.permission", "pk": 10, "fields": {"name": "Can change group", "content_type": 3, "codename": "change_group"}}, {"model": "auth.permission", "pk": 11, "fields": {"name": "Can delete group", "content_type": 3, "codename": "delete_group"}}, {"model": "auth.permission", "pk": 12, "fields": {"name": "Can view group", "content_type": 3, "codename": "view_group"}}, {"model": "auth.permission", "pk": 13, "fields": {"name": "Can add user", "content_type": 4, "codename": "add_user"}}, {"model": "auth.permission", "pk": 14, "fields": {"name": "Can change user", "content_type": 4, "codename": "change_user"}}, {"model": "auth.permission", "pk": 15, "fields": {"name": "Can delete user", "content_type": 4, "codename": "delete_user"}}, {"model": "auth.permission", "pk": 16, "fields": {"name": "Can view user", "content_type": 4, "codename": "view_user"}}, {"model": "auth.permission", "pk": 17, "fields": {"name": "Can add content type", "content_type": 5, "codename": "add_contenttype"}}, {"model": "auth.permission", "pk": 18, "fields": {"name": "Can change content type", "content_type": 5, "codename": "change_contenttype"}}, {"model": "auth.permission", "pk": 19, "fields": {"name": "Can delete content type", "content_type": 5, "codename": "delete_contenttype"}}, {"model": "auth.permission", "pk": 20, "fields": {"name": "Can view content type", "content_type": 5, "codename": "view_contenttype"}}, {"model": "auth.permission", "pk": 21, "fields": {"name": "Can add session", "content_type": 6, "codename": "add_session"}}, {"model": "auth.permission", "pk": 22, "fields": {"name": "Can change session", "content_type": 6, "codename": "change_session"}}, {"model": "auth.permission", "pk": 23, "fields": {"name": "Can delete session", "content_type": 6, "codename": "delete_session"}}, {"model": "auth.permission", "pk": 24, "fields": {"name": "Can view session", "content_type": 6, "codename": "view_session"}}, {"model": "auth.permission", "pk": 25, "fields": {"name": "Can add profile", "content_type": 7, "codename": "add_profile"}}, {"model": "auth.permission", "pk": 26, "fields": {"name": "Can change profile", "content_type": 7, "codename": "change_profile"}}, {"model": "auth.permission", "pk": 27, "fields": {"name": "Can delete profile", "content_type": 7, "codename": "delete_profile"}}, {"model": "auth.permission", "pk": 28, "fields": {"name": "Can view profile", "content_type": 7, "codename": "view_profile"}}, {"model": "auth.permission", "pk": 29, "fields": {"name": "Can add association", "content_type": 8, "codename": "add_association"}}, {"model": "auth.permission", "pk": 30, "fields": {"name": "Can change association", "content_type": 8, "codename": "change_association"}}, {"model": "auth.permission", "pk": 31, "fields": {"name": "Can delete association", "content_type": 8, "codename": "delete_association"}}, {"model": "auth.permission", "pk": 32, "fields": {"name": "Can view association", "content_type": 8, "codename": "view_association"}}, {"model": "auth.permission", "pk": 33, "fields": {"name": "Can add code", "content_type": 9, "codename": "add_code"}}, {"model": "auth.permission", "pk": 34, "fields": {"name": "Can change code", "content_type": 9, "codename": "change_code"}}, {"model": "auth.permission", "pk": 35, "fields": {"name": "Can delete code", "content_type": 9, "codename": "delete_code"}}, {"model": "auth.permission", "pk": 36, "fields": {"name": "Can view code", "content_type": 9, "codename": "view_code"}}, {"model": "auth.permission", "pk": 37, "fields": {"name": "Can add nonce", "content_type": 10, "codename": "add_nonce"}}, {"model": "auth.permission", "pk": 38, "fields": {"name": "Can change nonce", "content_type": 10, "codename": "change_nonce"}}, {"model": "auth.permission", "pk": 39, "fields": {"name": "Can delete nonce", "content_type": 10, "codename": "delete_nonce"}}, {"model": "auth.permission", "pk": 40, "fields": {"name": "Can view nonce", "content_type": 10, "codename": "view_nonce"}}, {"model": "auth.permission", "pk": 41, "fields": {"name": "Can add user social auth", "content_type": 11, "codename": "add_usersocialauth"}}, {"model": "auth.permission", "pk": 42, "fields": {"name": "Can change user social auth", "content_type": 11, "codename": "change_usersocialauth"}}, {"model": "auth.permission", "pk": 43, "fields": {"name": "Can delete user social auth", "content_type": 11, "codename": "delete_usersocialauth"}}, {"model": "auth.permission", "pk": 44, "fields": {"name": "Can view user social auth", "content_type": 11, "codename": "view_usersocialauth"}}, {"model": "auth.permission", "pk": 45, "fields": {"name": "Can add partial", "content_type": 12, "codename": "add_partial"}}, {"model": "auth.permission", "pk": 46, "fields": {"name": "Can change partial", "content_type": 12, "codename": "change_partial"}}, {"model": "auth.permission", "pk": 47, "fields": {"name": "Can delete partial", "content_type": 12, "codename": "delete_partial"}}, {"model": "auth.permission", "pk": 48, "fields": {"name": "Can view partial", "content_type": 12, "codename": "view_partial"}}, {"model": "auth.permission", "pk": 49, "fields": {"name": "Can add image", "content_type": 13, "codename": "add_image"}}, {"model": "auth.permission", "pk": 50, "fields": {"name": "Can change image", "content_type": 13, "codename": "change_image"}}, {"model": "auth.permission", "pk": 51, "fields": {"name": "Can delete image", "content_type": 13, "codename": "delete_image"}}, {"model": "auth.permission", "pk": 52, "fields": {"name": "Can view image", "content_type": 13, "codename": "view_image"}}, {"model": "auth.permission", "pk": 53, "fields": {"name": "Can add source", "content_type": 14, "codename": "add_source"}}, {"model": "auth.permission", "pk": 54, "fields": {"name": "Can change source", "content_type": 14, "codename": "change_source"}}, {"model": "auth.permission", "pk": 55, "fields": {"name": "Can delete source", "content_type": 14, "codename": "delete_source"}}, {"model": "auth.permission", "pk": 56, "fields": {"name": "Can view source", "content_type": 14, "codename": "view_source"}}, {"model": "auth.permission", "pk": 57, "fields": {"name": "Can add thumbnail", "content_type": 15, "codename": "add_thumbnail"}}, {"model": "auth.permission", "pk": 58, "fields": {"name": "Can change thumbnail", "content_type": 15, "codename": "change_thumbnail"}}, {"model": "auth.permission", "pk": 59, "fields": {"name": "Can delete thumbnail", "content_type": 15, "codename": "delete_thumbnail"}}, {"model": "auth.permission", "pk": 60, "fields": {"name": "Can view thumbnail", "content_type": 15, "codename": "view_thumbnail"}}, {"model": "auth.permission", "pk": 61, "fields": {"name": "Can add thumbnail dimensions", "content_type": 16, "codename": "add_thumbnaildimensions"}}, {"model": "auth.permission", "pk": 62, "fields": {"name": "Can change thumbnail dimensions", "content_type": 16, "codename": "change_thumbnaildimensions"}}, {"model": "auth.permission", "pk": 63, "fields": {"name": "Can delete thumbnail dimensions", "content_type": 16, "codename": "delete_thumbnaildimensions"}}, {"model": "auth.permission", "pk": 64, "fields": {"name": "Can view thumbnail dimensions", "content_type": 16, "codename": "view_thumbnaildimensions"}}, {"model": "auth.permission", "pk": 65, "fields": {"name": "Can add contact", "content_type": 17, "codename": "add_contact"}}, {"model": "auth.permission", "pk": 66, "fields": {"name": "Can change contact", "content_type": 17, "codename": "change_contact"}}, {"model": "auth.permission", "pk": 67, "fields": {"name": "Can delete contact", "content_type": 17, "codename": "delete_contact"}}, {"model": "auth.permission", "pk": 68, "fields": {"name": "Can view contact", "content_type": 17, "codename": "view_contact"}}, {"model": "auth.permission", "pk": 69, "fields": {"name": "Can add action", "content_type": 18, "codename": "add_action"}}, {"model": "auth.permission", "pk": 70, "fields": {"name": "Can change action", "content_type": 18, "codename": "change_action"}}, {"model": "auth.permission", "pk": 71, "fields": {"name": "Can delete action", "content_type": 18, "codename": "delete_action"}}, {"model": "auth.permission", "pk": 72, "fields": {"name": "Can view action", "content_type": 18, "codename": "view_action"}}, {"model": "auth.user", "pk": 1, "fields": {"password": "pbkdf2_sha256$390000$U08wdQ0VnQVFa9uydO65BJ$BaUe6SkUlfi5sQcdJCs6TMDMrhO1t7o+2us0NJZEV4s=", "last_login": "2023-04-20T18:20:51.863Z", "is_superuser": true, "username": "marik", "first_name": "Mark", "last_name": "Dmitrashko", "email": "12@ya.ru", "is_staff": true, "is_active": true, "date_joined": "2023-03-21T14:03:07.534Z", "groups": [], "user_permissions": []}}, {"model": "auth.user", "pk": 2, "fields": {"password": "pbkdf2_sha256$390000$oyedykpKkByjPMcU0wXKyf$R0cy+rJQkXQS4qvKheJWZcU4wWfARo2o+Nlm1fXsrPA=", "last_login": "2023-04-13T13:35:56.406Z", "is_superuser": false, "username": "buka", "first_name": "Kolobok", "last_name": "Krugliy", "email": "1234@ya.ru", "is_staff": false, "is_active": true, "date_joined": "2023-03-21T14:04:30Z", "groups": [], "user_permissions": []}}, {"model": "auth.user", "pk": 3, "fields": {"password": "pbkdf2_sha256$390000$gJuM7n2ljdMthdcdsmYO2I$oT+kMZhxK+hoIKNVwvbmAJ7v9mEsT94xm5viIYoGURg=", "last_login": "2023-03-23T08:57:27.438Z", "is_superuser": false, "username": "tenderbey", "first_name": "Garry", "last_name": "", "email": "123456@ya.ru", "is_staff": false, "is_active": true, "date_joined": "2023-03-23T08:52:48.421Z", "groups": [], "user_permissions": []}}, {"model": "auth.user", "pk": 4, "fields": {"password": "pbkdf2_sha256$390000$VrTvh6PMcIxVvQvGxP75Uc$YjSSHZmCJ40Dt3156ZgX5cfYv9dE5gVO2oY6xGmNFN4=", "last_login": null, "is_superuser": false, "username": "test", "first_name": "Rem", "last_name": "", "email": "", "is_staff": false, "is_active": true, "date_joined": "2023-03-23T09:01:04.404Z", "groups": [], "user_permissions": []}}, {"model": "auth.user", "pk": 5, "fields": {"password": "pbkdf2_sha256$390000$n6DKe9dl1y8rF7psJ17nfM$c3IA2YYi1Jao3PJTQ6/P/NCnLQFNl2aXDjjMzp1TPgw=", "last_login": null, "is_superuser": false, "username": "andrew", "first_name": "", "last_name": "", "email": "03@gmail.com", "is_staff": false, "is_active": true, "date_joined": "2023-03-23T17:58:12.432Z", "groups": [], "user_permissions": []}}, {"model": "auth.user", "pk": 21, "fields": {"password": "pbkdf2_sha256$390000$Us0nWeir3d9skPjkJnHpyt$yIv+q9rct+2hMKYvi6spPu6GmJRiMI5M2Jya+n1v0yk=", "last_login": null, "is_superuser": false, "username": "champ", "first_name": "", "last_name": "", "email": "champ@y.ru", "is_staff": false, "is_active": true, "date_joined": "2023-04-12T17:38:27.887Z", "groups": [], "user_permissions": []}}, {"model": "auth.user", "pk": 22, "fields": {"password": "pbkdf2_sha256$390000$MeuSEF1z0C1OwfBL9komCM$PN3nYH0mN++KqgzPT2Wlw0sC5ndyntp08JmOAxKWlGs=", "last_login": null, "is_superuser": false, "username": "champ1", "first_name": "", "last_name": "", "email": "champ1@y.ru", "is_staff": false, "is_active": true, "date_joined": "2023-04-12T17:44:23.802Z", "groups": [], "user_permissions": []}}, {"model": "contenttypes.contenttype", "pk": 1, "fields": {"app_label": "admin", "model": "logentry"}}, {"model": "contenttypes.contenttype", "pk": 2, "fields": {"app_label": "auth", "model": "permission"}}, {"model": "contenttypes.contenttype", "pk": 3, "fields": {"app_label": "auth", "model": "group"}}, {"model": "contenttypes.contenttype", "pk": 4, "fields": {"app_label": "auth", "model": "user"}}, {"model": "contenttypes.contenttype", "pk": 5, "fields": {"app_label": "contenttypes", "model": "contenttype"}}, {"model": "contenttypes.contenttype", "pk": 6, "fields": {"app_label": "sessions", "model": "session"}}, {"model": "contenttypes.contenttype", "pk": 7, "fields": {"app_label": "account", "model": "profile"}}, {"model": "contenttypes.contenttype", "pk": 8, "fields": {"app_label": "social_django", "model": "association"}}, {"model": "contenttypes.contenttype", "pk": 9, "fields": {"app_label": "social_django", "model": "code"}}, {"model": "contenttypes.contenttype", "pk": 10, "fields": {"app_label": "social_django", "model": "nonce"}}, {"model": "contenttypes.contenttype", "pk": 11, "fields": {"app_label": "social_django", "model": "usersocialauth"}}, {"model": "contenttypes.contenttype", "pk": 12, "fields": {"app_label": "social_django", "model": "partial"}}, {"model": "contenttypes.contenttype", "pk": 13, "fields": {"app_label": "images", "model": "image"}}, {"model": "contenttypes.contenttype", "pk": 14, "fields": {"app_label": "easy_thumbnails", "model": "source"}}, {"model": "contenttypes.contenttype", "pk": 15, "fields": {"app_label": "easy_thumbnails", "model": "thumbnail"}}, {"model": "contenttypes.contenttype", "pk": 16, "fields": {"app_label": "easy_thumbnails", "model": "thumbnaildimensions"}}, {"model": "contenttypes.contenttype", "pk": 17, "fields": {"app_label": "account", "model": "contact"}}, {"model": "contenttypes.contenttype", "pk": 18, "fields": {"app_label": "actions", "model": "action"}}, {"model": "sessions.session", "pk": "0ykwnbftv7xh2kfjh76z0r8leivq2if3", "fields": {"session_data": ".eJxVjL0OgjAYRd-lsza0FAqOghoHEjbdSPu1pSi2kb_EGN9dSFi4473n3C-qva9bvfdiHCyt-kEMGh3Q9J7UyZbX6XVz2TmD8v7JO8ibIiNld2litEPVYlRjr7uqUbNCtp0U8NRuGdRDuNpj8G7oGokXBK9rjwuvdHtc2c2BFb2d7YRyCKSRNALDhZYyikOlkygJJKcAjNA5hhGjuEkFJ0yJIGRpHMVM0wBS9PsDZLxLZA:1pghZE:u-Zc2Qzstb7gvj1m5Z3DR_mpMI5NHAsjM-81UK19KFg", "expire_date": "2023-04-10T07:47:00.451Z"}}, {"model": "sessions.session", "pk": "6akger3pgyalrtsimmdphqp418qykhqu", "fields": {"session_data": ".eJxVjDsOwyAQRO9CHSHAfFOm9xnQ7gLBSYQlY1dR7h5bcpFMOe_NvFmEba1x63mJU2JXJtnlt0OgZ24HSA9o95nT3NZlQn4o_KSdj3PKr9vp_h1U6HVfe-VIYEFlqDjIiMYOKXvjBTpFpKXaU7QsyZUATuoEYtDBGquzEhTY5wvzfDfL:1pkOGK:AmO0JvOntvKzwNPTIAYbbARK8Ay5O5ANswDHePuinXM", "expire_date": "2023-04-20T11:58:44.554Z"}}, {"model": "sessions.session", "pk": "dtyml4269dswu9lm3rgauxr5snqp6wer", "fields": {"session_data": ".eJxVjDsOwyAQRO9CHSHAfFOm9xnQ7gLBSYQlY1dR7h5bcpFMOe_NvFmEba1x63mJU2JXJtnlt0OgZ24HSA9o95nT3NZlQn4o_KSdj3PKr9vp_h1U6HVfe-VIYEFlqDjIiMYOKXvjBTpFpKXaU7QsyZUATuoEYtDBGquzEhTY5wvzfDfL:1plU9F:SkK8373zRcp23oxwF-ZfVMiqqdeElWuMgNbvPkgknig", "expire_date": "2023-04-23T12:27:57.142Z"}}, {"model": "sessions.session", "pk": "fldknkdwofecp5wlxcaam00pg3a4kij2", "fields": {"session_data": "eyJ5YW5kZXgtb2F1dGgyX3N0YXRlIjoiWFhoNUVLaXR5SVBzOGplQ3g3QUJoMXVja3pWMmVoWkgifQ:1ph47A:ThS36KbJHbPO14O592nvzZtZNXm3JbvaHYKIQVAQDQM", "expire_date": "2023-04-11T07:51:32.225Z"}}, {"model": "sessions.session", "pk": "fx26jpxm3jtcrieow5nh81y9863zew1f", "fields": {"session_data": ".eJxVjDsOwyAQRO9CHSHAfFOm9xnQ7gLBSYQlY1dR7h5bcpFMOe_NvFmEba1x63mJU2JXJtnlt0OgZ24HSA9o95nT3NZlQn4o_KSdj3PKr9vp_h1U6HVfe-VIYEFlqDjIiMYOKXvjBTpFpKXaU7QsyZUATuoEYtDBGquzEhTY5wvzfDfL:1ppYtn:nu-fW9JrU9Pjv_XrbozeRksylsyKsnagVZdjNjR6zdI", "expire_date": "2023-05-04T18:20:51.879Z"}}, {"model": "sessions.session", "pk": "j9cfzfalv9s2ru93dpjv8meosjfrr6ll", "fields": {"session_data": ".eJxVjDsOwyAQRO9CHSHAfFOm9xnQ7gLBSYQlY1dR7h5bcpFMOe_NvFmEba1x63mJU2JXJtnlt0OgZ24HSA9o95nT3NZlQn4o_KSdj3PKr9vp_h1U6HVfe-VIYEFlqDjIiMYOKXvjBTpFpKXaU7QsyZUATuoEYtDBGquzEhTY5wvzfDfL:1pkO4q:MglcDTAal4KriwoIB2TfeBGgFTexHn9c6rpxQdRW6tM", "expire_date": "2023-04-20T11:46:52.190Z"}}, {"model": "sessions.session", "pk": "p79yimje4fjl0zcrb9340hc4wxeaf1d6", "fields": {"session_data": ".eJxVjDsOwyAQRO9CHSHAfFOm9xnQ7gLBSYQlY1dR7h5bcpFMOe_NvFmEba1x63mJU2JXJtnlt0OgZ24HSA9o95nT3NZlQn4o_KSdj3PKr9vp_h1U6HVfe-VIYEFlqDjIiMYOKXvjBTpFpKXaU7QsyZUATuoEYtDBGquzEhTY5wvzfDfL:1pmxAY:AjseAv6cMETuXQOUOEe5_ftcx5kd0u4zCyO8pAU-6xo", "expire_date": "2023-04-27T13:39:22.025Z"}}, {"model": "sessions.session", "pk": "t00nrxc8j04wm2nxix3xf5enl72096xy", "fields": {"session_data": ".eJxVjs0KwjAQhN8lZylpmjStxyoiiCC0B_VSNpuNrUqj_cGD-O620IPOceabYd6shKGvyqGjtqwtW7KQLX49A3ijZgrsFZqLD9A3fVubYEKCOe2Cvbd0z2b2b6CCrhrbidDIjTNCodNAxqg4spSohBstEGUoRjkZOqtdCjqUFngk01jFkgTHdBx1gGS8v5VdDz1NV-HxUiukQ8HXh2O-5ecC9DGvd-oUnZ6bjH2-CzhIbw:1ph49m:wJ34pDGahD-eUPWu612YH9yq9EqW-MISdtCPzzDucY8", "expire_date": "2023-04-11T07:54:14.987Z"}}, {"model": "sessions.session", "pk": "v982fb88ssh7qe24kwv4c7nzjma0l0j6", "fields": {"session_data": ".eJxVjDsOwyAQRO9CHSHAfFOm9xnQ7gLBSYQlY1dR7h5bcpFMOe_NvFmEba1x63mJU2JXJtnlt0OgZ24HSA9o95nT3NZlQn4o_KSdj3PKr9vp_h1U6HVfe-VIYEFlqDjIiMYOKXvjBTpFpKXaU7QsyZUATuoEYtDBGquzEhTY5wvzfDfL:1pkQnP:vCmBIN8y2VDGKpcDFFPG0u896XbH2hSkBFMI4ghyFog", "expire_date": "2023-04-20T14:41:03.828Z"}}, {"model": "sessions.session", "pk": "vu0fultjyv0bynfwqvetmxwmmb2hp5l4", "fields": {"session_data": ".eJxVjDsOwyAQRO9CHSHAfFOm9xnQ7gLBSYQlY1dR7h5bcpFMOe_NvFmEba1x63mJU2JXJtnlt0OgZ24HSA9o95nT3NZlQn4o_KSdj3PKr9vp_h1U6HVfe-VIYEFlqDjIiMYOKXvjBTpFpKXaU7QsyZUATuoEYtDBGquzEhTY5wvzfDfL:1pkNo1:-fRedaXnQmHWHgFkbY2wt5hWjNUOAlB9cgyOr6xvl2s", "expire_date": "2023-04-20T11:29:29.456Z"}}, {"model": "sessions.session", "pk": "y96764klzf5jpeiq82lka1nci9potm9g", "fields": {"session_data": ".eJxVjDsOwyAQRO9CHSHAfFOm9xnQ7gLBSYQlY1dR7h5bcpFMOe_NvFmEba1x63mJU2JXJtnlt0OgZ24HSA9o95nT3NZlQn4o_KSdj3PKr9vp_h1U6HVfe-VIYEFlqDjIiMYOKXvjBTpFpKXaU7QsyZUATuoEYtDBGquzEhTY5wvzfDfL:1pghoY:svw44KPTUA-LB4UeO7CsKZAxvBnyChM3thsYnnzCWMM", "expire_date": "2023-04-10T08:02:50.189Z"}}, {"model": "social_django.usersocialauth", "pk": 7, "fields": {"user": 1, "provider": "yandex-oauth2", "uid": "12747130", "extra_data": "{\"auth_time\": 1679903062, \"access_token\": \"y0_AgAAAAAAwoF6AAmRpwAAAADfekmlfjrI1er_TdqAhfCPkYJsayzqNa0\", \"token_type\": \"bearer\"}", "created": "2023-03-27T07:44:22.164Z", "modified": "2023-03-27T07:44:22.180Z"}}, {"model": "easy_thumbnails.source", "pk": 1, "fields": {"storage_hash": "f9bde26a1556cd667f742bd34ec7c55e", "name": "images/2023/03/30/1923.jpeg", "modified": "2023-04-09T13:12:37.139Z"}}, {"model": "easy_thumbnails.source", "pk": 2, "fields": {"storage_hash": "f9bde26a1556cd667f742bd34ec7c55e", "name": "images/2023/03/30/the-leader-of-arsenal-returned-after-a-terrible-injury-jesus-recovery-insider.jpg", "modified": "2023-04-09T13:12:36.980Z"}}, {"model": "easy_thumbnails.source", "pk": 3, "fields": {"storage_hash": "f9bde26a1556cd667f742bd34ec7c55e", "name": "images/2023/04/06/1923.jpeg", "modified": "2023-04-09T13:12:36.913Z"}}, {"model": "easy_thumbnails.source", "pk": 4, "fields": {"storage_hash": "f9bde26a1556cd667f742bd34ec7c55e", "name": "images/2023/03/30/1923.png", "modified": "2023-04-09T13:12:37.189Z"}}, {"model": "easy_thumbnails.source", "pk": 5, "fields": {"storage_hash": "f9bde26a1556cd667f742bd34ec7c55e", "name": "images/2023/03/30/.jpg", "modified": "2023-04-09T13:12:37.040Z"}}, {"model": "easy_thumbnails.source", "pk": 6, "fields": {"storage_hash": "f9bde26a1556cd667f742bd34ec7c55e", "name": "images/2023/03/28/igor-leschuk.jpeg", "modified": "2023-04-09T13:12:37.296Z"}}, {"model": "easy_thumbnails.source", "pk": 7, "fields": {"storage_hash": "f9bde26a1556cd667f742bd34ec7c55e", "name": "images/2023/04/09/derby-spartak-dinamo.jpeg", "modified": "2023-04-09T18:37:36.503Z"}}, {"model": "easy_thumbnails.source", "pk": 8, "fields": {"storage_hash": "f9bde26a1556cd667f742bd34ec7c55e", "name": "images/2023/04/09/jokanovich-drby-day.jpeg", "modified": "2023-04-14T12:21:37.042Z"}}, {"model": "easy_thumbnails.source", "pk": 9, "fields": {"storage_hash": "f9bde26a1556cd667f742bd34ec7c55e", "name": "images/2023/04/09/live-scores-for-football-cricket-rugby-golf-tennis-darts_HgvvCKg.jpg20150313153825", "modified": "2023-04-09T18:54:15.304Z"}}, {"model": "easy_thumbnails.source", "pk": 10, "fields": {"storage_hash": "f9bde26a1556cd667f742bd34ec7c55e", "name": "images/2023/04/09/the-official-website-for-european-football-uefacom.jpegimwidth158", "modified": "2023-04-09T19:01:16.368Z"}}, {"model": "easy_thumbnails.source", "pk": 11, "fields": {"storage_hash": "f9bde26a1556cd667f742bd34ec7c55e", "name": "images/2023/04/09/uefa-champions-league-uefacom.jpegimwidth158", "modified": "2023-04-09T19:03:01.247Z"}}, {"model": "easy_thumbnails.source", "pk": 12, "fields": {"storage_hash": "f9bde26a1556cd667f742bd34ec7c55e", "name": "images/2023/04/09/champions-league-quarter-final-records-and-statistics-uefa-_qTI7xQg.jpegimwidth158", "modified": "2023-04-09T19:04:29.793Z"}}, {"model": "easy_thumbnails.source", "pk": 13, "fields": {"storage_hash": "f9bde26a1556cd667f742bd34ec7c55e", "name": "images/2023/04/10/roberto-carlos.jpg", "modified": "2023-04-10T12:24:02.138Z"}}, {"model": "easy_thumbnails.source", "pk": 14, "fields": {"storage_hash": "f9bde26a1556cd667f742bd34ec7c55e", "name": "images/2023/04/10/rpl-foreign-players.jpg", "modified": "2023-04-10T12:25:46.509Z"}}, {"model": "easy_thumbnails.source", "pk": 15, "fields": {"storage_hash": "f9bde26a1556cd667f742bd34ec7c55e", "name": "images/2023/04/10/just-novac.jpg", "modified": "2023-04-10T12:26:31.729Z"}}, {"model": "easy_thumbnails.source", "pk": 16, "fields": {"storage_hash": "f9bde26a1556cd667f742bd34ec7c55e", "name": "users/2023/03/24/benz.jpeg", "modified": "2023-04-10T18:37:30.437Z"}}, {"model": "easy_thumbnails.source", "pk": 17, "fields": {"storage_hash": "f9bde26a1556cd667f742bd34ec7c55e", "name": "users/2023/03/23/cross.jpeg", "modified": "2023-04-14T11:08:06.443Z"}}, {"model": "easy_thumbnails.source", "pk": 18, "fields": {"storage_hash": "f9bde26a1556cd667f742bd34ec7c55e", "name": "users/2023/03/23/modrich.jpeg", "modified": "2023-04-10T18:37:30.515Z"}}, {"model": "easy_thumbnails.source", "pk": 19, "fields": {"storage_hash": "f9bde26a1556cd667f742bd34ec7c55e", "name": "users/2023/03/23/vini.jpeg", "modified": "2023-04-10T18:37:30.549Z"}}, {"model": "easy_thumbnails.source", "pk": 20, "fields": {"storage_hash": "f9bde26a1556cd667f742bd34ec7c55e", "name": "images/2023/04/11/nhl-playoffs.jpg", "modified": "2023-04-11T08:38:33.538Z"}}, {"model": "easy_thumbnails.source", "pk": 21, "fields": {"storage_hash": "f9bde26a1556cd667f742bd34ec7c55e", "name": "images/2023/04/11/nba-playoffs.jpg", "modified": "2023-04-14T12:21:37.089Z"}}, {"model": "easy_thumbnails.thumbnail", "pk": 1, "fields": {"storage_hash": "d26becbf46ac48eda79c7a39a13a02dd", "name": "images/2023/03/30/1923.jpeg.300x0_q85.jpg", "modified": "2023-04-06T11:43:54.835Z", "source": 1}}, {"model": "easy_thumbnails.thumbnail", "pk": 2, "fields": {"storage_hash": "d26becbf46ac48eda79c7a39a13a02dd", "name": "images/2023/03/30/the-leader-of-arsenal-returned-after-a-terrible-injury-jesus-recovery-insider.jpg.300x0_q85.jpg", "modified": "2023-04-06T11:48:19.092Z", "source": 2}}, {"model": "easy_thumbnails.thumbnail", "pk": 3, "fields": {"storage_hash": "d26becbf46ac48eda79c7a39a13a02dd", "name": "images/2023/03/30/the-leader-of-arsenal-returned-after-a-terrible-injury-jesus-recovery-insider.jpg.200x200_q85.jpg", "modified": "2023-04-06T11:53:57.939Z", "source": 2}}, {"model": "easy_thumbnails.thumbnail", "pk": 4, "fields": {"storage_hash": "d26becbf46ac48eda79c7a39a13a02dd", "name": "images/2023/03/30/1923.jpeg.200x200_q85.jpg", "modified": "2023-04-06T11:58:55.775Z", "source": 1}}, {"model": "easy_thumbnails.thumbnail", "pk": 5, "fields": {"storage_hash": "d26becbf46ac48eda79c7a39a13a02dd", "name": "images/2023/04/06/1923.jpeg.200x200_q85.jpg", "modified": "2023-04-06T12:02:05.099Z", "source": 3}}, {"model": "easy_thumbnails.thumbnail", "pk": 6, "fields": {"storage_hash": "d26becbf46ac48eda79c7a39a13a02dd", "name": "images/2023/04/06/1923.jpeg.300x0_q85.jpg", "modified": "2023-04-06T12:02:48.612Z", "source": 3}}, {"model": "easy_thumbnails.thumbnail", "pk": 7, "fields": {"storage_hash": "d26becbf46ac48eda79c7a39a13a02dd", "name": "images/2023/04/06/1923.jpeg.500x0_q85.jpg", "modified": "2023-04-06T12:03:47.118Z", "source": 3}}, {"model": "easy_thumbnails.thumbnail", "pk": 8, "fields": {"storage_hash": "d26becbf46ac48eda79c7a39a13a02dd", "name": "images/2023/03/30/1923.jpeg.500x0_q85.jpg", "modified": "2023-04-06T12:05:46.606Z", "source": 1}}, {"model": "easy_thumbnails.thumbnail", "pk": 9, "fields": {"storage_hash": "d26becbf46ac48eda79c7a39a13a02dd", "name": "images/2023/03/30/1923.png.500x0_q85.png", "modified": "2023-04-06T12:05:53.710Z", "source": 4}}, {"model": "easy_thumbnails.thumbnail", "pk": 10, "fields": {"storage_hash": "d26becbf46ac48eda79c7a39a13a02dd", "name": "images/2023/03/30/.jpg.300x0_q85.jpg", "modified": "2023-04-09T12:36:19.527Z", "source": 5}}, {"model": "easy_thumbnails.thumbnail", "pk": 11, "fields": {"storage_hash": "d26becbf46ac48eda79c7a39a13a02dd", "name": "images/2023/03/28/igor-leschuk.jpeg.300x0_q85.jpg", "modified": "2023-04-09T12:40:26.914Z", "source": 6}}, {"model": "easy_thumbnails.thumbnail", "pk": 12, "fields": {"storage_hash": "d26becbf46ac48eda79c7a39a13a02dd", "name": "images/2023/04/06/1923.jpeg.300x300_q85_crop-smart.jpg", "modified": "2023-04-09T12:41:20.569Z", "source": 3}}, {"model": "easy_thumbnails.thumbnail", "pk": 13, "fields": {"storage_hash": "d26becbf46ac48eda79c7a39a13a02dd", "name": "images/2023/03/30/the-leader-of-arsenal-returned-after-a-terrible-injury-jesus-recovery-insider.jpg.300x300_q85_crop-smart.jpg", "modified": "2023-04-09T12:41:20.649Z", "source": 2}}, {"model": "easy_thumbnails.thumbnail", "pk": 14, "fields": {"storage_hash": "d26becbf46ac48eda79c7a39a13a02dd", "name": "images/2023/03/30/.jpg.300x300_q85_crop-smart.jpg", "modified": "2023-04-09T12:41:20.722Z", "source": 5}}, {"model": "easy_thumbnails.thumbnail", "pk": 15, "fields": {"storage_hash": "d26becbf46ac48eda79c7a39a13a02dd", "name": "images/2023/03/30/1923.jpeg.300x300_q85_crop-smart.jpg", "modified": "2023-04-09T12:41:20.822Z", "source": 1}}, {"model": "easy_thumbnails.thumbnail", "pk": 16, "fields": {"storage_hash": "d26becbf46ac48eda79c7a39a13a02dd", "name": "images/2023/03/30/1923.png.300x300_q85_crop-smart.png", "modified": "2023-04-09T12:41:20.882Z", "source": 4}}, {"model": "easy_thumbnails.thumbnail", "pk": 17, "fields": {"storage_hash": "d26becbf46ac48eda79c7a39a13a02dd", "name": "images/2023/03/28/igor-leschuk.jpeg.300x300_q85_crop-smart.jpg", "modified": "2023-04-09T12:41:20.979Z", "source": 6}}, {"model": "easy_thumbnails.thumbnail", "pk": 18, "fields": {"storage_hash": "d26becbf46ac48eda79c7a39a13a02dd", "name": "images/2023/03/30/1923.png.300x0_q85.png", "modified": "2023-04-09T12:50:38.036Z", "source": 4}}, {"model": "easy_thumbnails.thumbnail", "pk": 19, "fields": {"storage_hash": "d26becbf46ac48eda79c7a39a13a02dd", "name": "images/2023/04/06/1923.jpeg.400x400_q85_crop-smart.jpg", "modified": "2023-04-09T13:12:23.033Z", "source": 3}}, {"model": "easy_thumbnails.thumbnail", "pk": 20, "fields": {"storage_hash": "d26becbf46ac48eda79c7a39a13a02dd", "name": "images/2023/03/30/the-leader-of-arsenal-returned-after-a-terrible-injury-jesus-recovery-insider.jpg.400x400_q85_crop-smart.jpg", "modified": "2023-04-09T13:12:23.111Z", "source": 2}}, {"model": "easy_thumbnails.thumbnail", "pk": 21, "fields": {"storage_hash": "d26becbf46ac48eda79c7a39a13a02dd", "name": "images/2023/03/30/.jpg.400x400_q85_crop-smart.jpg", "modified": "2023-04-09T13:12:23.186Z", "source": 5}}, {"model": "easy_thumbnails.thumbnail", "pk": 22, "fields": {"storage_hash": "d26becbf46ac48eda79c7a39a13a02dd", "name": "images/2023/03/30/1923.jpeg.400x400_q85_crop-smart.jpg", "modified": "2023-04-09T13:12:23.298Z", "source": 1}}, {"model": "easy_thumbnails.thumbnail", "pk": 23, "fields": {"storage_hash": "d26becbf46ac48eda79c7a39a13a02dd", "name": "images/2023/03/30/1923.png.400x400_q85_crop-smart.png", "modified": "2023-04-09T13:12:23.361Z", "source": 4}}, {"model": "easy_thumbnails.thumbnail", "pk": 24, "fields": {"storage_hash": "d26becbf46ac48eda79c7a39a13a02dd", "name": "images/2023/03/28/igor-leschuk.jpeg.400x400_q85_crop-smart.jpg", "modified": "2023-04-09T13:12:23.457Z", "source": 6}}, {"model": "easy_thumbnails.thumbnail", "pk": 25, "fields": {"storage_hash": "d26becbf46ac48eda79c7a39a13a02dd", "name": "images/2023/04/06/1923.jpeg.500x500_q85_crop-smart.jpg", "modified": "2023-04-09T13:12:36.931Z", "source": 3}}, {"model": "easy_thumbnails.thumbnail", "pk": 26, "fields": {"storage_hash": "d26becbf46ac48eda79c7a39a13a02dd", "name": "images/2023/03/30/the-leader-of-arsenal-returned-after-a-terrible-injury-jesus-recovery-insider.jpg.500x500_q85_crop-smart.jpg", "modified": "2023-04-09T13:12:36.993Z", "source": 2}}, {"model": "easy_thumbnails.thumbnail", "pk": 27, "fields": {"storage_hash": "d26becbf46ac48eda79c7a39a13a02dd", "name": "images/2023/03/30/.jpg.500x500_q85_crop-smart.jpg", "modified": "2023-04-09T13:12:37.053Z", "source": 5}}, {"model": "easy_thumbnails.thumbnail", "pk": 28, "fields": {"storage_hash": "d26becbf46ac48eda79c7a39a13a02dd", "name": "images/2023/03/30/1923.jpeg.500x500_q85_crop-smart.jpg", "modified": "2023-04-09T13:12:37.153Z", "source": 1}}, {"model": "easy_thumbnails.thumbnail", "pk": 29, "fields": {"storage_hash": "d26becbf46ac48eda79c7a39a13a02dd", "name": "images/2023/03/30/1923.png.500x500_q85_crop-smart.png", "modified": "2023-04-09T13:12:37.202Z", "source": 4}}, {"model": "easy_thumbnails.thumbnail", "pk": 30, "fields": {"storage_hash": "d26becbf46ac48eda79c7a39a13a02dd", "name": "images/2023/03/28/igor-leschuk.jpeg.500x500_q85_crop-smart.jpg", "modified": "2023-04-09T13:12:37.311Z", "source": 6}}, {"model": "easy_thumbnails.thumbnail", "pk": 31, "fields": {"storage_hash": "d26becbf46ac48eda79c7a39a13a02dd", "name": "images/2023/04/09/derby-spartak-dinamo.jpeg.300x0_q85.jpg", "modified": "2023-04-09T18:37:33.127Z", "source": 7}}, {"model": "easy_thumbnails.thumbnail", "pk": 32, "fields": {"storage_hash": "d26becbf46ac48eda79c7a39a13a02dd", "name": "images/2023/04/09/derby-spartak-dinamo.jpeg.300x300_q85_crop-smart.jpg", "modified": "2023-04-09T18:37:36.518Z", "source": 7}}, {"model": "easy_thumbnails.thumbnail", "pk": 33, "fields": {"storage_hash": "d26becbf46ac48eda79c7a39a13a02dd", "name": "images/2023/04/09/jokanovich-drby-day.jpeg.300x0_q85.jpg", "modified": "2023-04-09T18:52:16.257Z", "source": 8}}, {"model": "easy_thumbnails.thumbnail", "pk": 34, "fields": {"storage_hash": "d26becbf46ac48eda79c7a39a13a02dd", "name": "images/2023/04/09/jokanovich-drby-day.jpeg.300x300_q85_crop-smart.jpg", "modified": "2023-04-09T18:52:24.975Z", "source": 8}}, {"model": "easy_thumbnails.thumbnail", "pk": 35, "fields": {"storage_hash": "d26becbf46ac48eda79c7a39a13a02dd", "name": "images/2023/04/09/live-scores-for-football-cricket-rugby-golf-tennis-darts_HgvvCKg.jpg20150313153825.300x0_q85.jpg", "modified": "2023-04-09T18:54:01.339Z", "source": 9}}, {"model": "easy_thumbnails.thumbnail", "pk": 36, "fields": {"storage_hash": "d26becbf46ac48eda79c7a39a13a02dd", "name": "images/2023/04/09/live-scores-for-football-cricket-rugby-golf-tennis-darts_HgvvCKg.jpg20150313153825.300x300_q85_crop-smart.jpg", "modified": "2023-04-09T18:54:15.319Z", "source": 9}}, {"model": "easy_thumbnails.thumbnail", "pk": 37, "fields": {"storage_hash": "d26becbf46ac48eda79c7a39a13a02dd", "name": "images/2023/04/09/the-official-website-for-european-football-uefacom.jpegimwidth158.300x0_q85.jpg", "modified": "2023-04-09T19:01:12.126Z", "source": 10}}, {"model": "easy_thumbnails.thumbnail", "pk": 38, "fields": {"storage_hash": "d26becbf46ac48eda79c7a39a13a02dd", "name": "images/2023/04/09/the-official-website-for-european-football-uefacom.jpegimwidth158.300x300_q85_crop-smart.jpg", "modified": "2023-04-09T19:01:16.386Z", "source": 10}}, {"model": "easy_thumbnails.thumbnail", "pk": 39, "fields": {"storage_hash": "d26becbf46ac48eda79c7a39a13a02dd", "name": "images/2023/04/09/uefa-champions-league-uefacom.jpegimwidth158.300x0_q85.jpg", "modified": "2023-04-09T19:02:58.522Z", "source": 11}}, {"model": "easy_thumbnails.thumbnail", "pk": 40, "fields": {"storage_hash": "d26becbf46ac48eda79c7a39a13a02dd", "name": "images/2023/04/09/uefa-champions-league-uefacom.jpegimwidth158.300x300_q85_crop-smart.jpg", "modified": "2023-04-09T19:03:01.262Z", "source": 11}}, {"model": "easy_thumbnails.thumbnail", "pk": 41, "fields": {"storage_hash": "d26becbf46ac48eda79c7a39a13a02dd", "name": "images/2023/04/09/champions-league-quarter-final-records-and-statistics-uefa-_qTI7xQg.jpegimwidth158.300x0_q85.jpg", "modified": "2023-04-09T19:04:27.245Z", "source": 12}}, {"model": "easy_thumbnails.thumbnail", "pk": 42, "fields": {"storage_hash": "d26becbf46ac48eda79c7a39a13a02dd", "name": "images/2023/04/09/champions-league-quarter-final-records-and-statistics-uefa-_qTI7xQg.jpegimwidth158.300x300_q85_crop-smart.jpg", "modified": "2023-04-09T19:04:29.808Z", "source": 12}}, {"model": "easy_thumbnails.thumbnail", "pk": 43, "fields": {"storage_hash": "d26becbf46ac48eda79c7a39a13a02dd", "name": "images/2023/04/10/roberto-carlos.jpg.300x0_q85.jpg", "modified": "2023-04-10T12:23:58.009Z", "source": 13}}, {"model": "easy_thumbnails.thumbnail", "pk": 44, "fields": {"storage_hash": "d26becbf46ac48eda79c7a39a13a02dd", "name": "images/2023/04/10/roberto-carlos.jpg.300x300_q85_crop-smart.jpg", "modified": "2023-04-10T12:24:02.155Z", "source": 13}}, {"model": "easy_thumbnails.thumbnail", "pk": 45, "fields": {"storage_hash": "d26becbf46ac48eda79c7a39a13a02dd", "name": "images/2023/04/10/rpl-foreign-players.jpg.300x0_q85.jpg", "modified": "2023-04-10T12:25:43.892Z", "source": 14}}, {"model": "easy_thumbnails.thumbnail", "pk": 46, "fields": {"storage_hash": "d26becbf46ac48eda79c7a39a13a02dd", "name": "images/2023/04/10/rpl-foreign-players.jpg.300x300_q85_crop-smart.jpg", "modified": "2023-04-10T12:25:46.526Z", "source": 14}}, {"model": "easy_thumbnails.thumbnail", "pk": 47, "fields": {"storage_hash": "d26becbf46ac48eda79c7a39a13a02dd", "name": "images/2023/04/10/just-novac.jpg.300x0_q85.jpg", "modified": "2023-04-10T12:26:29.378Z", "source": 15}}, {"model": "easy_thumbnails.thumbnail", "pk": 48, "fields": {"storage_hash": "d26becbf46ac48eda79c7a39a13a02dd", "name": "images/2023/04/10/just-novac.jpg.300x300_q85_crop-smart.jpg", "modified": "2023-04-10T12:26:31.744Z", "source": 15}}, {"model": "easy_thumbnails.thumbnail", "pk": 49, "fields": {"storage_hash": "d26becbf46ac48eda79c7a39a13a02dd", "name": "users/2023/03/24/benz.jpeg.180x180_q85.jpg", "modified": "2023-04-10T18:37:30.455Z", "source": 16}}, {"model": "easy_thumbnails.thumbnail", "pk": 50, "fields": {"storage_hash": "d26becbf46ac48eda79c7a39a13a02dd", "name": "users/2023/03/23/cross.jpeg.180x180_q85.jpg", "modified": "2023-04-10T18:37:30.492Z", "source": 17}}, {"model": "easy_thumbnails.thumbnail", "pk": 51, "fields": {"storage_hash": "d26becbf46ac48eda79c7a39a13a02dd", "name": "users/2023/03/23/modrich.jpeg.180x180_q85.jpg", "modified": "2023-04-10T18:37:30.530Z", "source": 18}}, {"model": "easy_thumbnails.thumbnail", "pk": 52, "fields": {"storage_hash": "d26becbf46ac48eda79c7a39a13a02dd", "name": "users/2023/03/23/vini.jpeg.180x180_q85.jpg", "modified": "2023-04-10T18:37:30.564Z", "source": 19}}, {"model": "easy_thumbnails.thumbnail", "pk": 53, "fields": {"storage_hash": "d26becbf46ac48eda79c7a39a13a02dd", "name": "images/2023/04/11/nhl-playoffs.jpg.300x0_q85.jpg", "modified": "2023-04-11T08:38:28.430Z", "source": 20}}, {"model": "easy_thumbnails.thumbnail", "pk": 54, "fields": {"storage_hash": "d26becbf46ac48eda79c7a39a13a02dd", "name": "images/2023/04/11/nhl-playoffs.jpg.300x300_q85_crop-smart.jpg", "modified": "2023-04-11T08:38:33.553Z", "source": 20}}, {"model": "easy_thumbnails.thumbnail", "pk": 55, "fields": {"storage_hash": "d26becbf46ac48eda79c7a39a13a02dd", "name": "images/2023/04/11/nba-playoffs.jpg.300x0_q85.jpg", "modified": "2023-04-11T08:39:46.663Z", "source": 21}}, {"model": "easy_thumbnails.thumbnail", "pk": 56, "fields": {"storage_hash": "d26becbf46ac48eda79c7a39a13a02dd", "name": "images/2023/04/11/nba-playoffs.jpg.300x300_q85_crop-smart.jpg", "modified": "2023-04-11T08:39:51.829Z", "source": 21}}, {"model": "easy_thumbnails.thumbnail", "pk": 57, "fields": {"storage_hash": "d26becbf46ac48eda79c7a39a13a02dd", "name": "users/2023/03/23/cross.jpeg.80x80_q85_crop-smart.jpg", "modified": "2023-04-14T11:07:36.544Z", "source": 17}}, {"model": "easy_thumbnails.thumbnail", "pk": 58, "fields": {"storage_hash": "d26becbf46ac48eda79c7a39a13a02dd", "name": "users/2023/03/23/cross.jpeg.80x80_q85_crop-100%.jpg", "modified": "2023-04-14T11:08:06.459Z", "source": 17}}, {"model": "easy_thumbnails.thumbnail", "pk": 59, "fields": {"storage_hash": "d26becbf46ac48eda79c7a39a13a02dd", "name": "images/2023/04/09/jokanovich-drby-day.jpeg.80x80_q85_crop-100%.jpg", "modified": "2023-04-14T12:21:37.058Z", "source": 8}}, {"model": "easy_thumbnails.thumbnail", "pk": 60, "fields": {"storage_hash": "d26becbf46ac48eda79c7a39a13a02dd", "name": "images/2023/04/11/nba-playoffs.jpg.80x80_q85_crop-100%.jpg", "modified": "2023-04-14T12:21:37.103Z", "source": 21}}]